net,length_um
clknet_0_clk,436.3
_0265_,321.31
_0276_,311.315
_0292_,299.245
_0273_,297.8
_0571_,295.28
clk,284.97
_0282_,281.83
_0753_,279.53
_0283_,274.88
_0284_,268.38
_0285_,255.8
_0291_,255.52
_0275_,252.89
_0295_,250.25
_0977_,249.92
_0278_,248.73
_0848_,241.64
net33,239.74
_0961_,239.54
net32,239.1
_0293_,238.94
_0628_,235.36
_0274_,228.285
net3,226.86
net4,215.12
_0970_,213.4
_0570_,212.78
_0965_,211.975
net1,209.32
_0952_,207.62
net31,206.86
_0928_,206.58
_0280_,206.3
_0917_,203.46
_0966_,199.04
_0883_,197.5
_0884_,188.02
_0409_,185.44
net15,183.8
_0296_,183.18
_0405_,179.5
_0953_,175.54
_0895_,173.64
_0860_,171.78
_0689_,171.27
net8,170.16
_0582_,169.65
_0272_,168.42
net7,167.12
_0955_,164.28
net6,164.04
net2,163.48
_0277_,160.62
net24,158.98
_0971_,158.38
net30,157.94
net13,155.98
_0289_,154.115
net21,152.06
_0575_,151.57
net26,151.28
net25,151.2
net29,147.54
net18,147.52
net16,146.56
net20,146.48
net28,145.28
net27,145.1
clknet_4_14_0_clk,144.2
net22,142.36
net23,141.96
_0290_,141.925
net14,141.56
net17,140.16
net19,139.7
_0825_,139.44
clknet_4_1_0_clk,137.35
net5,136.62
_0849_,135.92
_0655_,133.1
net12,132.88
_0939_,128.7
net9,128.36
_0663_,128.07
clknet_4_7_0_clk,127.52
reset,127.26
_0954_,126.16
_0784_,125.82
_0262_,125.04
_0626_,123.09
_0788_,122.26
_0729_,121.84
clknet_4_5_0_clk,121.4
_0316_,120.56
clknet_4_2_0_clk,117.34
net11,116.38
_0596_,116.14
_0408_,114.1
net10,113.66
_0379_,113.45
_0959_,113.28
_0586_,113.24
_0590_,113.07
clknet_4_9_0_clk,112.58
_0968_,112.5
clknet_4_15_0_clk,112.16
_0591_,111.84
clknet_4_4_0_clk,111.38
_0579_,110.86
_0442_,110.84
clknet_4_8_0_clk,110.64
_0309_,109.44
_0687_,108.86
_0969_,108.68
clknet_4_13_0_clk,108.3
_0647_,108.2
_0794_,107.58
_0750_,107.16
_0871_,105.22
_0975_,104.3
_0297_,104.26
clknet_4_12_0_clk,104.22
_0315_,104.06
clknet_4_3_0_clk,102.98
_0422_,102
_0474_,100.7
_0454_,99.16
_0573_,98.94
_0740_,98.695
_0271_,98.34
_0501_,98.3
_0603_,98.14
_0294_,97.605
_0777_,96.38
_0459_,96.2
_0964_,95.56
_0763_,94.18
imem_inst.pc\[0\],94.055
clknet_4_0_0_clk,93.38
_0798_,93.36
_0760_,92.5
_0834_,92.26
_0762_,91.85
_0906_,91.64
clknet_4_11_0_clk,91.48
_0338_,90.92
_0957_,90.88
imem_inst.pc\[2\],90.64
_0956_,89.88
_0958_,88.3
_0842_,87.97
_0612_,87.96
_0708_,86.1
_0809_,85.02
_0281_,83.38
clknet_4_6_0_clk,83.22
_0722_,82.66
_0449_,82.2
_0963_,82.03
_0587_,81.24
_0765_,80.38
_0512_,79.16
_0516_,79.16
_0524_,78.815
_0769_,77.4
_0484_,76.4
_0312_,75.4
_0528_,74.88
_0686_,73.77
clknet_4_10_0_clk,73.62
_0731_,69.05
_0361_,68.66
_0838_,68.135
_0818_,67.48
_0410_,66.58
_0974_,66.3
_0574_,66.28
_0437_,66.25
_0962_,66.06
_0398_,64.54
_0489_,63.08
rf_inst.registers\[5\]\[4\],63.08
net37,62.36
_0752_,61.34
_0773_,60.82
rf_inst.registers\[5\]\[31\],60.68
_0815_,60.54
net44,59.45
_0682_,59.225
_0659_,58.18
_0556_,57.14
_0395_,55.77
_0683_,55.42
_0264_,55.3
rf_inst.registers\[10\]\[11\],54.52
rf_inst.registers\[5\]\[23\],54
_0475_,53.78
_0421_,53.76
_0577_,53.08
_0700_,52.88
rf_inst.registers\[5\]\[22\],52.58
_0615_,52.5
_0308_,51.94
_0479_,51.76
_0404_,51.48
_0393_,51.4
_0470_,51.28
_0664_,51.14
rf_inst.registers\[5\]\[1\],50.89
_0416_,50.31
rf_inst.registers\[10\]\[7\],50.18
_0743_,50.12
net35,49.4
rf_inst.registers\[5\]\[30\],49.38
_0807_,49.24
_0705_,49.22
_0973_,48.96
_0331_,48.7
_0321_,48.68
_0317_,48.05
net40,47.54
rf_inst.registers\[10\]\[10\],47.28
_0429_,47.16
_0551_,46.94
_0354_,46.1
_0751_,45.87
_0436_,45.8
_0822_,45.56
rf_inst.registers\[5\]\[0\],44.545
_0386_,43.84
rf_inst.registers\[10\]\[8\],43.3
_0306_,43.28
_0538_,43.04
_0580_,42.98
_0314_,42.46
_0402_,42.42
_0742_,42.35
rf_inst.registers\[25\]\[17\],42.34
_0441_,42.18
rf_inst.registers\[5\]\[21\],40.58
_0431_,40.44
rf_inst.registers\[10\]\[9\],40.16
_0699_,40.12
_0267_,39.98
_0624_,39.86
_0263_,39.74
_0635_,39.3
_0732_,39
rf_inst.registers\[10\]\[17\],38.64
rf_inst.registers\[10\]\[22\],38.6
_0287_,38.32
rf_inst.registers\[5\]\[2\],38.29
_0824_,37.9
_0632_,37.08
rf_inst.registers\[5\]\[3\],36.82
_0311_,36.72
_0327_,36.655
_0714_,36.56
_0644_,35.74
_0702_,35.44
_0403_,35.37
_0401_,35.27
_0627_,35.12
rf_inst.registers\[5\]\[7\],35.1
rf_inst.registers\[10\]\[14\],35
_0506_,34.52
_0369_,34.14
_0382_,33.86
_0598_,33.72
_0555_,32.88
rf_inst.registers\[5\]\[10\],32.68
rf_inst.registers\[5\]\[26\],32.54
rf_inst.registers\[5\]\[15\],32.3
_0978_,32.16
rf_inst.registers\[5\]\[8\],32.04
_0736_,31.92
rf_inst.registers\[5\]\[6\],31.8
_0324_,31.66
_0425_,31.62
_0585_,31.56
rf_inst.registers\[10\]\[25\],31.38
rf_inst.registers\[10\]\[27\],31.36
_0600_,31.28
rf_inst.registers\[10\]\[19\],30.88
_0967_,30.58
_0340_,30.28
_0707_,30.28
_0679_,30.22
_0444_,29.875
_0972_,29.66
_0564_,29.14
_0697_,29.04
_0468_,29
_0329_,28.94
rf_inst.registers\[10\]\[5\],28.94
rf_inst.registers\[5\]\[20\],28.84
_0730_,28.72
_0420_,28.64
rf_inst.registers\[25\]\[7\],28.46
_0543_,28.16
_0456_,28.06
_0535_,27.68
_0599_,27.08
_0305_,27
rf_inst.registers\[10\]\[6\],26.9
_0438_,26.88
_0367_,26.86
_0328_,26.82
_0319_,26.8
_0335_,26.755
rf_inst.registers\[5\]\[24\],26.44
rf_inst.registers\[10\]\[23\],26.26
_0620_,26.16
_0318_,26.065
_0346_,25.96
rf_inst.registers\[5\]\[11\],25.78
_0537_,25.75
_0304_,25.7
_0320_,25.64
rf_inst.registers\[25\]\[11\],25.48
_0563_,25.46
rf_inst.registers\[10\]\[16\],25.26
rf_inst.registers\[25\]\[14\],25.26
rf_inst.registers\[30\]\[2\],25.105
rf_inst.registers\[25\]\[15\],24.86
_0383_,24.72
_0547_,24.7
_0745_,24.69
_0755_,24.44
rf_inst.registers\[10\]\[29\],24.44
_0756_,23.68
_0493_,23.56
_0654_,23.5
_0558_,23.36
_0610_,23.36
_0414_,23.3
_0503_,23.22
rf_inst.registers\[10\]\[2\],23.08
rf_inst.registers\[30\]\[26\],22.78
rf_inst.registers\[10\]\[13\],22.74
_0303_,22.72
rf_inst.registers\[10\]\[26\],22.62
_0541_,22.4
_0375_,22.34
_0800_,22.34
_0674_,22.3
_0588_,22.14
rf_inst.registers\[5\]\[17\],21.96
_0605_,21.94
_0334_,21.92
rf_inst.registers\[10\]\[31\],21.88
_0391_,21.82
rf_inst.registers\[5\]\[27\],21.82
rf_inst.registers\[10\]\[12\],21.76
_0451_,21.68
rf_inst.registers\[10\]\[30\],21.68
_0614_,21.6
_0357_,21.54
_0544_,21.54
_0550_,21.53
net36,21.46
_0377_,21.42
rf_inst.registers\[10\]\[28\],21.32
_0661_,21.26
_0609_,21.24
_0584_,21.1
_0352_,21.04
_0332_,21.02
_0457_,20.98
_0372_,20.9
_0504_,20.8
_0482_,20.78
rf_inst.registers\[5\]\[16\],20.66
_0477_,20.62
rf_inst.registers\[25\]\[13\],20.54
rf_inst.registers\[10\]\[0\],20.46
_0463_,20.4
_0530_,20.26
rf_inst.registers\[5\]\[14\],20.24
_0428_,20.18
_0373_,20.08
_0365_,20.06
_0310_,19.98
_0652_,19.88
rf_inst.registers\[30\]\[0\],19.865
_0638_,19.82
_0432_,19.66
rf_inst.registers\[10\]\[24\],19.54
rf_inst.registers\[5\]\[12\],19.48
_0534_,19.43
_0720_,19.4
_0536_,19.2
_0701_,18.98
_0452_,18.92
_0616_,18.92
_0323_,18.88
_0350_,18.84
_0533_,18.74
_0497_,18.66
net59,18.56
_0490_,18.54
_0498_,18.46
_0514_,18.42
rf_inst.registers\[5\]\[9\],18.32
_0767_,18.26
rf_inst.registers\[5\]\[25\],18.2
_0608_,17.98
_0288_,17.96
_0299_,17.82
rf_inst.registers\[5\]\[18\],17.82
rf_inst.registers\[10\]\[4\],17.8
rf_inst.registers\[10\]\[3\],17.62
_0526_,17.54
_0301_,17.48
_0546_,17.38
_0631_,17.22
_0690_,17.1
_0356_,17.02
rf_inst.registers\[25\]\[16\],17.02
_0671_,16.98
_0476_,16.94
_0341_,16.84
_0617_,16.8
_0495_,16.76
rf_inst.registers\[25\]\[27\],16.72
_0593_,16.68
rf_inst.registers\[10\]\[18\],16.68
_0349_,16.66
_0347_,16.62
_0653_,16.62
rf_inst.registers\[25\]\[19\],16.44
_0604_,16.4
_0523_,16.3
rf_inst.registers\[10\]\[1\],16.14
_0388_,16.1
_0718_,15.94
_0757_,15.94
_0313_,15.88
_0344_,15.84
_0613_,15.84
_0445_,15.82
_0576_,15.76
_0650_,15.76
_0561_,15.6
_0662_,15.6
_0478_,15.58
_0799_,15.56
_0348_,15.52
_0656_,15.44
_0366_,15.4
_0741_,15.305
_0583_,15.3
_0667_,15.1
rf_inst.registers\[10\]\[20\],15.02
_0505_,14.92
_0606_,14.92
_0618_,14.86
_0519_,14.84
_0666_,14.81
_0483_,14.8
_0622_,14.8
_0715_,14.72
rf_inst.registers\[5\]\[28\],14.56
rf_inst.registers\[25\]\[25\],14.5
rf_inst.registers\[25\]\[5\],14.48
_0269_,14.44
_0407_,14.44
_0389_,14.26
_0710_,14.24
_0387_,14.18
_0378_,14.16
_0636_,14.1
_0554_,14.06
_0696_,14.06
_0670_,13.84
rf_inst.registers\[25\]\[6\],13.76
_0322_,13.72
_0540_,13.66
_0839_,13.58
_0462_,13.5
_0488_,13.42
_0673_,13.42
_0481_,13.395
_0649_,13.32
rf_inst.registers\[25\]\[24\],13.22
rf_inst.registers\[25\]\[26\],13.12
_0560_,13.08
_0385_,13.04
_0695_,13.04
_0487_,13
_0692_,12.82
rf_inst.registers\[30\]\[24\],12.805
_0704_,12.8
_0711_,12.8
_0725_,12.72
_0460_,12.7
rf_inst.registers\[25\]\[10\],12.66
_0415_,12.64
_0330_,12.6
_0542_,12.59
_0625_,12.58
rf_inst.registers\[30\]\[10\],12.56
net43,12.48
_0812_,12.42
_0342_,12.38
_0266_,12.26
rf_inst.registers\[25\]\[3\],12.24
_0345_,12.06
_0307_,12.04
net42,12.015
_0621_,11.88
_0641_,11.88
rf_inst.registers\[25\]\[12\],11.84
_0433_,11.835
_0562_,11.72
_0657_,11.7
_0559_,11.68
rf_inst.registers\[10\]\[15\],11.66
_0672_,11.65
_0552_,11.64
_0717_,11.54
_0567_,11.46
_0676_,11.42
rf_inst.registers\[30\]\[8\],11.42
_0709_,11.36
_0500_,11.3
_0660_,11.28
_0852_,11.26
result[23],11.26
result[24],11.26
rf_inst.registers\[30\]\[18\],11.26
_0688_,11.22
rf_inst.registers\[30\]\[15\],11.12
_0360_,11.1
_0706_,11.1
_0355_,11.08
_0520_,11.04
_0779_,10.88
rf_inst.registers\[25\]\[18\],10.88
rf_inst.registers\[25\]\[4\],10.88
_0486_,10.84
_0413_,10.78
_0529_,10.78
_0371_,10.76
_0467_,10.76
_0368_,10.72
_0678_,10.66
_0810_,10.66
_0198_,10.58
_0553_,10.52
rf_inst.registers\[5\]\[13\],10.48
rf_inst.registers\[25\]\[9\],10.4
_0448_,10.28
_0658_,10.28
_0738_,10.24
rf_inst.registers\[5\]\[29\],10.24
_0435_,10.2
net131,10.2
_0333_,10.14
_0831_,10.135
_0651_,10.12
rf_inst.registers\[25\]\[31\],10.08
rf_inst.registers\[10\]\[21\],10.02
rf_inst.registers\[25\]\[2\],9.98
_0781_,9.88
_0515_,9.84
_0531_,9.82
_0949_,9.82
_0532_,9.78
_0607_,9.76
_0508_,9.7
rf_inst.registers\[30\]\[23\],9.68
_0545_,9.64
_0665_,9.64
net34,9.62
_0513_,9.54
_0669_,9.52
_0951_,9.52
_0399_,9.48
_0885_,9.48
_0458_,9.42
_0480_,9.36
_0630_,9.36
_0353_,9.28
rf_inst.registers\[30\]\[17\],9.28
_0453_,9.16
net51,9.12
rf_inst.registers\[30\]\[21\],9.08
_0791_,9.06
_0719_,9.045
_0680_,9.04
_0811_,9.04
_0336_,8.98
_0945_,8.96
result[22],8.96
result[27],8.96
net115,8.94
net45,8.86
_0919_,8.82
_0417_,8.8
control,8.72
_0082_,8.7
_0464_,8.7
_0578_,8.66
rf_inst.registers\[5\]\[5\],8.64
_0188_,8.62
net127,8.6
rf_inst.registers\[30\]\[29\],8.58
_0339_,8.56
_0948_,8.56
_0698_,8.52
_0845_,8.5
result[1],8.5
result[25],8.5
result[26],8.5
_0229_,8.46
_0300_,8.44
_0733_,8.44
_0485_,8.32
rf_inst.registers\[30\]\[19\],8.32
_0203_,8.305
_0640_,8.28
_0623_,8.26
net46,8.23
_0817_,8.18
_0804_,8.16
rf_inst.registers\[25\]\[0\],8.14
rf_inst.registers\[25\]\[29\],8.12
rf_inst.registers\[25\]\[8\],8.12
_0634_,8.1
_0097_,8.09
_0359_,8.06
_0926_,8.02
net126,8.02
_0843_,8
_0597_,7.98
_0423_,7.975
_0797_,7.94
_0592_,7.9
rf_inst.registers\[25\]\[22\],7.9
_0502_,7.86
rf_inst.registers\[30\]\[4\],7.86
_0160_,7.82
_0161_,7.82
_0162_,7.82
_0749_,7.81
_0496_,7.78
rf_inst.registers\[25\]\[30\],7.78
_0518_,7.74
_0494_,7.7
_0921_,7.68
_0455_,7.64
_0461_,7.64
_0645_,7.64
_0694_,7.64
_0920_,7.64
rf_inst.registers\[25\]\[20\],7.58
rf_inst.registers\[30\]\[6\],7.58
_0033_,7.56
_0888_,7.56
rf_inst.registers\[25\]\[21\],7.56
net147,7.56
rf_inst.registers\[30\]\[30\],7.545
_0891_,7.52
_0946_,7.52
_0397_,7.5
_0826_,7.44
rf_inst.registers\[30\]\[28\],7.325
rf_inst.registers\[25\]\[1\],7.24
rf_inst.registers\[30\]\[25\],7.24
_0522_,7.22
net146,7.22
_0400_,7.2
_0761_,7.18
result[19],7.13
_0568_,7.12
_0471_,7.1
_0748_,7.1
_0886_,7.1
_0947_,7.1
rf_inst.registers\[30\]\[12\],7.085
_0927_,7.06
rf_inst.registers\[30\]\[9\],7.06
rf_inst.registers\[5\]\[19\],7.06
net83,7
rf_inst.registers\[30\]\[20\],6.98
net67,6.98
_0611_,6.96
result[31],6.89
net73,6.88
net84,6.88
net88,6.88
_0439_,6.86
result[18],6.79
_0619_,6.78
_0178_,6.76
_0960_,6.76
net143,6.76
rf_inst.registers\[30\]\[1\],6.75
_0418_,6.74
_0381_,6.72
rf_inst.registers\[30\]\[22\],6.72
net52,6.66
_0473_,6.64
net61,6.64
_0813_,6.6
_0828_,6.6
_0873_,6.6
_0905_,6.6
_0933_,6.6
_0944_,6.6
_0145_,6.48
result[12],6.45
net120,6.44
result[29],6.43
_0231_,6.42
_0390_,6.42
net71,6.42
net87,6.42
net92,6.42
_0434_,6.4
rf_inst.registers\[30\]\[27\],6.4
_0040_,6.37
_0003_,6.36
rf_inst.registers\[30\]\[5\],6.36
_0212_,6.3
_0337_,6.3
_0363_,6.3
_0850_,6.3
_0880_,6.3
_0924_,6.3
net105,6.3
net138,6.3
_0374_,6.26
_0499_,6.26
_0856_,6.26
result[16],6.21
_0830_,6.2
_0805_,6.18
_0857_,6.14
_0935_,6.14
rf_inst.registers\[30\]\[31\],6.06
rf_inst.registers\[30\]\[7\],6.06
_0633_,6.04
_0406_,5.98
rf_inst.registers\[30\]\[13\],5.94
_0190_,5.92
_0026_,5.91
_0048_,5.91
_0070_,5.91
_0106_,5.91
_0122_,5.91
_0440_,5.84
_0685_,5.84
rf_inst.registers\[30\]\[3\],5.84
_0863_,5.8
_0876_,5.8
imem_inst.pc\[1\],5.8
result[17],5.77
result[0],5.75
result[10],5.75
result[11],5.75
_0801_,5.74
_0943_,5.74
_0252_,5.72
_0768_,5.72
_0778_,5.72
_0790_,5.72
net54,5.72
_0859_,5.68
_0869_,5.68
_0903_,5.68
rf_inst.registers\[25\]\[23\],5.68
net99,5.62
_0152_,5.6
_0251_,5.6
_0447_,5.6
net103,5.58
result[15],5.53
result[20],5.53
result[21],5.53
_0205_,5.5
_0061_,5.48
_0131_,5.46
_0065_,5.43
result[28],5.41
result[3],5.41
result[4],5.41
result[6],5.41
result[7],5.41
result[9],5.41
net77,5.4
_0424_,5.38
_0735_,5.38
_0896_,5.38
_0918_,5.38
_0109_,5.36
_0648_,5.34
_0882_,5.34
_0050_,5.33
_0298_,5.28
_0787_,5.28
_0938_,5.28
_0549_,5.26
_0898_,5.26
_0976_,5.26
net39,5.26
net53,5.26
_0172_,5.24
_0855_,5.22
_0870_,5.22
_0878_,5.22
_0892_,5.22
_0894_,5.22
_0897_,5.22
_0899_,5.22
_0914_,5.22
_0915_,5.22
_0916_,5.22
_0929_,5.22
_0940_,5.22
result[14],5.19
net95,5.16
net81,5.14
net113,5.12
result[2],5.07
result[30],5.07
result[5],5.07
result[8],5.07
net86,5.06
_0151_,5.04
_0216_,5.04
_0234_,5.04
_0746_,5.04
_0060_,5.02
_0302_,5.02
rf_inst.registers\[25\]\[28\],5.02
_0017_,4.97
net63,4.94
_0159_,4.92
_0525_,4.92
_0739_,4.92
_0833_,4.92
net145,4.92
_0370_,4.9
_0396_,4.9
_0134_,4.88
_0176_,4.88
_0721_,4.88
_0747_,4.88
_0887_,4.88
_0902_,4.88
_0913_,4.88
_0114_,4.87
result[13],4.85
_0941_,4.82
_0004_,4.8
_0227_,4.8
_0286_,4.8
_0412_,4.8
_0629_,4.8
_0643_,4.8
_0727_,4.8
net78,4.8
net89,4.8
net129,4.8
_0358_,4.76
_0595_,4.76
_0088_,4.73
_0684_,4.7
net102,4.7
net122,4.7
_0110_,4.68
_0419_,4.68
_0427_,4.68
_0816_,4.66
_0837_,4.66
_0081_,4.61
_0121_,4.61
_0602_,4.6
_0864_,4.6
net137,4.6
net141,4.6
_0194_,4.58
_0246_,4.58
_0008_,4.56
_0364_,4.56
_0510_,4.56
_0095_,4.54
_0104_,4.53
_0001_,4.49
net62,4.48
_0185_,4.46
_0243_,4.46
_0527_,4.46
_0639_,4.46
_0819_,4.46
_0829_,4.46
_0840_,4.46
net96,4.46
net121,4.46
_0492_,4.44
_0507_,4.42
_0780_,4.42
_0786_,4.42
_0792_,4.42
_0867_,4.42
_0907_,4.42
_0909_,4.42
_0005_,4.39
_0096_,4.37
_0783_,4.36
_0782_,4.345
_0259_,4.34
_0814_,4.34
_0056_,4.32
_0124_,4.32
_0209_,4.305
_0675_,4.24
_0820_,4.24
_0098_,4.22
_0116_,4.15
_0841_,4.14
net94,4.14
net132,4.14
net150,4.14
_0250_,4.12
_0014_,4.1
_0426_,4.1
_0220_,4.08
_0566_,4.02
_0766_,4.02
_0170_,4
_0180_,4
_0196_,4
_0232_,4
_0239_,4
_0256_,4
_0392_,4
_0937_,4
rf_inst.registers\[30\]\[14\],3.885
_0224_,3.88
_0446_,3.88
_0472_,3.88
_0724_,3.88
_0770_,3.88
_0808_,3.88
_0844_,3.88
_0922_,3.88
_0923_,3.88
_0042_,3.76
_0099_,3.76
_0195_,3.76
_0199_,3.76
_0253_,3.76
_0691_,3.68
_0758_,3.68
net80,3.68
net123,3.68
_0139_,3.66
_0164_,3.66
_0221_,3.66
_0230_,3.66
_0244_,3.66
_0245_,3.66
_0258_,3.66
_0589_,3.66
_0789_,3.66
rf_inst.registers\[30\]\[11\],3.64
_0018_,3.59
_0879_,3.56
_0038_,3.54
_0135_,3.54
_0165_,3.54
_0167_,3.54
_0168_,3.54
_0173_,3.54
_0184_,3.54
_0219_,3.54
_0236_,3.54
_0249_,3.54
_0862_,3.54
net49,3.44
_0376_,3.42
_0509_,3.42
_0548_,3.42
_0936_,3.42
net50,3.42
net104,3.42
net116,3.42
_0084_,3.4
net69,3.32
net74,3.32
net93,3.32
rf_inst.registers\[30\]\[16\],3.305
_0013_,3.3
_0068_,3.3
net68,3.22
net90,3.22
net125,3.22
_0141_,3.2
_0177_,3.2
_0189_,3.2
_0208_,3.2
_0211_,3.2
_0225_,3.2
_0226_,3.2
_0242_,3.2
_0254_,3.2
_0255_,3.2
_0092_,3.18
_0158_,3.18
_0193_,3.18
_0062_,3.13
_0910_,3.1
net57,3.1
_0144_,3.08
_0150_,3.08
_0201_,3.08
_0202_,3.08
_0222_,3.08
_0223_,3.08
_0228_,3.08
_0394_,3.08
net60,3.08
net100,3.08
net108,3.08
_0572_,2.98
_0581_,2.98
_0759_,2.98
_0764_,2.98
_0950_,2.98
_0111_,2.96
_0206_,2.96
_0430_,2.96
_0491_,2.96
_0934_,2.96
_0681_,2.86
_0006_,2.84
_0015_,2.84
_0044_,2.84
_0049_,2.84
_0052_,2.84
_0053_,2.84
_0055_,2.84
_0063_,2.84
_0064_,2.84
_0094_,2.84
_0123_,2.84
_0215_,2.84
_0821_,2.84
net58,2.84
_0133_,2.765
_0642_,2.76
_0723_,2.76
net65,2.76
net72,2.76
net148,2.76
_0147_,2.74
_0155_,2.74
_0163_,2.74
_0169_,2.74
_0175_,2.74
_0187_,2.74
_0192_,2.74
_0200_,2.74
_0247_,2.74
_0248_,2.74
_0067_,2.69
_0074_,2.69
_0076_,2.69
_0079_,2.69
_0120_,2.69
_0125_,2.69
_0191_,2.64
_0241_,2.64
_0668_,2.64
net75,2.64
_0197_,2.62
_0235_,2.62
_0240_,2.62
_0268_,2.62
_0511_,2.62
_0901_,2.62
net133,2.62
_0020_,2.55
_0776_,2.52
_0942_,2.52
_0011_,2.5
_0029_,2.5
_0093_,2.5
_0128_,2.5
_0569_,2.5
_0637_,2.5
_0726_,2.5
_0737_,2.5
_0771_,2.5
_0772_,2.5
_0900_,2.5
_0450_,2.4
_0703_,2.4
_0795_,2.4
net128,2.4
_0007_,2.38
_0016_,2.38
_0023_,2.38
_0030_,2.38
_0031_,2.38
_0032_,2.38
_0054_,2.38
_0057_,2.38
_0086_,2.38
_0090_,2.38
_0102_,2.38
_0107_,2.38
_0108_,2.38
_0113_,2.38
_0127_,2.38
_0217_,2.38
_0260_,2.305
_0806_,2.3
_0846_,2.3
net64,2.3
net76,2.3
net79,2.3
net82,2.3
net98,2.3
net107,2.3
net109,2.3
net110,2.3
net111,2.3
net114,2.3
net124,2.3
_0132_,2.28
_0142_,2.28
_0154_,2.28
_0166_,2.28
_0204_,2.28
_0210_,2.28
_0233_,2.28
_0257_,2.28
_0325_,2.28
_0823_,2.28
_0000_,2.23
_0002_,2.23
_0010_,2.23
_0012_,2.23
_0022_,2.23
_0024_,2.23
_0034_,2.23
_0051_,2.23
_0066_,2.23
_0069_,2.23
_0071_,2.23
_0073_,2.23
_0077_,2.23
_0078_,2.23
_0083_,2.23
_0101_,2.23
_0105_,2.23
_0118_,2.23
_0835_,2.225
_0080_,2.21
_0138_,2.18
_0146_,2.18
_0179_,2.18
_0214_,2.18
_0594_,2.18
_0734_,2.18
_0785_,2.18
_0119_,2.16
_0153_,2.16
_0207_,2.16
_0237_,2.16
_0343_,2.16
_0443_,2.16
_0517_,2.16
_0557_,2.16
_0565_,2.16
_0677_,2.16
_0712_,2.16
_0728_,2.16
_0754_,2.16
_0793_,2.16
_0802_,2.16
_0803_,2.16
_0861_,2.16
_0868_,2.16
_0881_,2.16
net47,2.16
net130,2.16
_0469_,2.06
_0045_,2.04
_0847_,2.04
_0362_,1.94
_0380_,1.94
net112,1.94
net144,1.94
_0137_,1.845
net85,1.84
net149,1.84
_0019_,1.82
_0025_,1.82
_0036_,1.82
_0089_,1.82
_0100_,1.82
_0115_,1.82
_0129_,1.82
_0140_,1.82
_0148_,1.82
_0156_,1.82
_0171_,1.82
_0174_,1.82
_0181_,1.82
_0261_,1.82
_0827_,1.82
net70,1.82
net91,1.82
_0117_,1.75
_0646_,1.72
_0693_,1.72
_0041_,1.7
_0085_,1.7
_0103_,1.7
_0149_,1.7
_0182_,1.7
_0213_,1.7
_0713_,1.7
_0744_,1.7
_0832_,1.7
_0931_,1.7
net38,1.7
net56,1.7
_0932_,1.6
net41,1.6
net48,1.6
net66,1.48
_0465_,1.38
_0466_,1.38
_0601_,1.38
_0716_,1.38
_0836_,1.38
_0875_,1.38
_0877_,1.38
_0893_,1.38
_0904_,1.38
_0908_,1.38
net97,1.38
net118,1.38
net119,1.38
net135,1.38
_0009_,1.36
_0021_,1.36
_0027_,1.36
_0028_,1.36
_0035_,1.36
_0037_,1.36
_0039_,1.36
_0043_,1.36
_0046_,1.36
_0047_,1.36
_0058_,1.36
_0059_,1.36
_0072_,1.36
_0075_,1.36
_0087_,1.36
_0091_,1.36
_0112_,1.36
_0126_,1.36
_0130_,1.36
_0136_,1.36
_0143_,1.36
_0157_,1.36
_0183_,1.36
_0186_,1.36
_0218_,1.36
_0238_,1.36
_0279_,1.36
_0270_,1.26
_0351_,1.26
_0796_,1.26
net55,1.26
_0925_,1.14
_0930_,1.14
_0521_,1.02
_0775_,1.02
net101,1.02
_0326_,0.92
_0411_,0.92
_0858_,0.92
_0890_,0.92
net106,0.92
net117,0.92
net136,0.92
_0539_,0.8
_0774_,0.8
_0384_,0.46
_0851_,0.46
_0853_,0.46
_0854_,0.46
_0865_,0.46
_0866_,0.46
_0872_,0.46
_0874_,0.46
_0889_,0.46
_0911_,0.46
_0912_,0.46
net134,0.46
net139,0.46
net140,0.46
net142,0.46
